,name,Date,tempmax,tempmin,temp,feelslikemax,feelslikemin,feelslike,dew,humidity,precip,precipprob,precipcover,preciptype,snow,snowdepth,windgust,windspeed,winddir,sealevelpressure,cloudcover,visibility,solarradiation,solarenergy,uvindex,severerisk,sunrise,sunset,moonphase,conditions,description,icon,stations
0,"Istanbul,Turkey",2024-07-01,30.4,21.0,25.7,30.0,21.0,25.9,18.6,67.5,0.0,0,0.0,,0,0,39.2,27.2,53.2,1011.7,15.1,11.0,207.9,17.9,9.0,,2024-07-01T05:35:43,2024-07-01T20:40:14,0.84,Clear,Clear conditions throughout the day.,clear-day,"D8508,LTBA,17063099999,17119099999,17061099999,17064099999,17060099999,LTFJ"
1,"Istanbul,Turkey",2024-07-02,30.5,21.9,26.3,32.2,21.9,27.1,19.6,68.3,0.0,0,0.0,,0,0,28.5,19.6,27.0,1006.1,7.6,11.0,250.3,21.6,9.0,,2024-07-02T05:36:14,2024-07-02T20:40:04,0.87,Clear,Clear conditions throughout the day.,clear-day,"D8508,LTBA,17063099999,17119099999,17061099999,17064099999,17060099999"
2,"Istanbul,Turkey",2024-07-03,31.5,22.8,26.7,33.4,22.8,27.5,18.7,61.9,0.0,0,0.0,,0,0,52.2,28.7,30.7,1000.2,44.3,10.9,185.6,16.1,9.0,,2024-07-03T05:36:46,2024-07-03T20:39:52,0.91,Partially cloudy,Partly cloudy throughout the day.,partly-cloudy-day,"17068099999,D8508,LTBA,17063099999,17119099999,17061099999,17022399999,17064099999,17060099999,VRTU9,LTFJ"
3,"Istanbul,Turkey",2024-07-04,27.3,23.2,25.0,28.6,23.2,25.2,20.2,75.1,0.133,100,8.33,rain,0,0,33.5,24.2,16.9,1004.6,81.4,10.8,58.7,5.0,4.0,,2024-07-04T05:37:21,2024-07-04T20:39:39,0.94,"Rain, Partially cloudy",Partly cloudy throughout the day with rain.,rain,"17068099999,D8508,LTBA,17063099999,17119099999,17061099999,17022399999,17064099999,17060099999,VRTU9,LTFJ"
4,"Istanbul,Turkey",2024-07-05,27.9,20.8,24.4,28.6,20.8,24.5,18.7,71.8,4.331,100,12.5,rain,0,0,41.4,26.1,25.3,1011.4,55.3,10.8,189.3,16.5,7.0,,2024-07-05T05:37:56,2024-07-05T20:39:23,0.98,"Rain, Partially cloudy",Partly cloudy throughout the day with a chance of rain throughout the day.,rain,"17068099999,D8508,LTBA,17063099999,17119099999,17061099999,17022399999,17064099999,17060099999,LTFJ"
5,"Istanbul,Turkey",2024-07-06,30.1,20.5,25.1,30.3,20.5,25.4,18.5,68.6,0.029,100,4.17,rain,0,0,61.2,33.7,50.9,1014.6,38.4,10.9,189.8,16.4,9.0,,2024-07-06T05:38:33,2024-07-06T20:39:05,0.0,"Rain, Partially cloudy",Partly cloudy throughout the day with late afternoon rain.,rain,"17068099999,D8508,LTBA,17063099999,17119099999,17061099999,17064099999,17060099999,LTFJ"
6,"Istanbul,Turkey",2024-07-07,31.3,22.9,26.7,31.5,22.9,27.3,19.3,65.7,0.0,0,0.0,,0,0,43.6,28.9,41.2,1013.6,19.1,10.9,240.5,20.9,9.0,,2024-07-07T05:39:11,2024-07-07T20:38:45,0.05,Clear,Clear conditions throughout the day.,clear-day,"17068099999,D8508,LTBA,17063099999,17119099999,17061099999,17064099999,17060099999,LTFJ"
7,"Istanbul,Turkey",2024-07-08,31.6,23.5,27.1,33.9,23.5,28.4,21.5,72.9,0.0,0,0.0,,0,0,48.2,27.9,39.5,1011.9,25.5,10.7,207.0,18.0,10.0,,2024-07-08T05:39:50,2024-07-08T20:38:23,0.08,Partially cloudy,Partly cloudy throughout the day.,partly-cloudy-day,"17068099999,D8508,LTBA,17063099999,17119099999,17061099999,17022399999,17064099999,17060099999,LTFJ"
8,"Istanbul,Turkey",2024-07-09,32.9,24.8,28.3,37.7,24.8,30.3,22.3,71.8,0.0,0,0.0,,0,0,43.2,28.8,38.6,1011.5,27.5,10.8,234.3,20.1,8.0,,2024-07-09T05:40:31,2024-07-09T20:37:59,0.11,Partially cloudy,Clearing in the afternoon.,partly-cloudy-day,"17068099999,D8508,LTBA,17063099999,17119099999,17061099999,17022399999,17064099999,17060099999,LTFJ"
9,"Istanbul,Turkey",2024-07-10,33.8,25.0,28.6,37.2,25.0,30.9,22.6,71.5,0.0,0,0.0,,0,0,41.0,26.4,19.9,1010.9,47.0,10.6,217.3,18.8,10.0,,2024-07-10T05:41:13,2024-07-10T20:37:33,0.14,Partially cloudy,Partly cloudy throughout the day.,partly-cloudy-day,"17068099999,D8508,LTBA,17063099999,17119099999,17061099999,17022399999,17064099999,17060099999,LTFJ"
10,"Istanbul,Turkey",2024-07-11,28.5,25.9,26.9,32.4,25.9,28.6,22.7,77.7,0.932,100,12.5,rain,0,0,42.5,17.6,356.7,1010.8,77.4,10.9,103.9,9.1,9.0,,2024-07-11T05:41:56,2024-07-11T20:37:05,0.18,"Rain, Partially cloudy",Partly cloudy throughout the day with a chance of rain throughout the day.,rain,"17068099999,D8508,LTBA,17063099999,17119099999,17061099999,17022399999,17064099999,17060099999,LTFJ"
11,"Istanbul,Turkey",2024-07-12,31.9,24.8,27.5,34.8,24.8,29.2,22.4,75.1,0.0,0,0.0,,0,0,38.2,26.7,32.7,1010.3,55.4,10.5,218.5,18.9,9.0,,2024-07-12T05:42:40,2024-07-12T20:36:35,0.21,Partially cloudy,Partly cloudy throughout the day.,partly-cloudy-day,"17068099999,D8508,LTBA,17063099999,17119099999,17061099999,17022399999,17064099999,17060099999,LTFJ"
12,"Istanbul,Turkey",2024-07-13,32.1,24.3,27.8,35.5,24.3,30.0,22.7,75.0,0.0,0,0.0,,0,0,43.6,34.1,35.9,1008.6,35.8,10.4,235.7,20.3,8.0,,2024-07-13T05:43:25,2024-07-13T20:36:03,0.24,Partially cloudy,Partly cloudy throughout the day.,partly-cloudy-day,"17068099999,D8508,LTBA,17063099999,17119099999,17061099999,17064099999,17060099999,LTFJ"
13,"Istanbul,Turkey",2024-07-14,32.5,24.6,28.1,34.0,24.6,28.9,20.1,64.2,0.0,0,0.0,,0,0,40.7,31.4,40.4,1009.8,19.6,11.1,205.5,17.8,9.0,,2024-07-14T05:44:11,2024-07-14T20:35:29,0.25,Clear,Clear conditions throughout the day.,clear-day,"17068099999,D8508,LTBA,17063099999,17119099999,17061099999,17064099999,17060099999,LTFJ"
14,"Istanbul,Turkey",2024-07-15,33.1,23.5,28.1,34.0,23.5,28.9,19.5,62.5,0.0,0,0.0,,0,0,42.1,26.4,41.9,1009.7,23.3,11.0,237.3,20.5,9.0,,2024-07-15T05:44:58,2024-07-15T20:34:53,0.3,Partially cloudy,Partly cloudy throughout the day.,partly-cloudy-day,"D8508,LTBA,17063099999,17119099999,17061099999,17064099999,17060099999,LTFJ"
15,"Istanbul,Turkey",2024-07-16,34.6,24.4,28.9,34.2,24.4,30.0,20.4,63.7,0.0,0,0.0,,0,0,44.6,27.2,44.2,1009.1,43.7,11.0,229.0,19.8,10.0,,2024-07-16T05:45:46,2024-07-16T20:34:15,0.34,Partially cloudy,Partly cloudy throughout the day.,partly-cloudy-day,"D8508,LTBA,17063099999,17119099999,17061099999,17022399999,17064099999,17060099999,LTFJ"
16,"Istanbul,Turkey",2024-07-17,35.3,26.0,29.7,38.5,26.0,32.1,22.1,66.6,0.0,0,0.0,,0,0,40.7,22.5,38.5,1010.4,30.0,10.7,212.0,18.4,9.0,,2024-07-17T05:46:35,2024-07-17T20:33:36,0.37,Partially cloudy,Partly cloudy throughout the day.,partly-cloudy-day,"D8508,LTBA,17063099999,17119099999,17061099999,17022399999,17064099999,17060099999,LTFJ"
17,"Istanbul,Turkey",2024-07-18,36.1,26.5,30.2,40.6,26.5,33.5,22.5,66.3,0.0,0,0.0,,0,0,39.2,26.9,39.3,1011.6,19.6,10.7,218.7,18.9,8.0,,2024-07-18T05:47:25,2024-07-18T20:32:54,0.4,Clear,Clear conditions throughout the day.,clear-day,"D8508,LTBA,17063099999,17119099999,17061099999,17022399999,17064099999,17060099999,LTFJ"
18,"Istanbul,Turkey",2024-07-19,33.9,26.5,29.4,39.6,26.5,33.3,23.6,71.7,0.0,0,0.0,,0,0,47.9,31.9,32.7,1011.4,25.3,11.0,221.3,19.1,9.0,,2024-07-19T05:48:16,2024-07-19T20:32:10,0.43,Partially cloudy,Partly cloudy throughout the day.,partly-cloudy-day,"D8508,LTBA,17063099999,17119099999,17061099999,17064099999,17060099999,LTFJ"
19,"Istanbul,Turkey",2024-07-20,34.6,25.7,29.4,37.6,25.7,32.3,22.6,68.6,0.0,0,0.0,,0,0,42.1,26.8,42.7,1008.9,37.2,10.9,219.9,19.0,8.0,,2024-07-20T05:49:07,2024-07-20T20:31:25,0.47,Partially cloudy,Clearing in the afternoon.,partly-cloudy-day,"17068099999,D8508,LTBA,17063099999,17119099999,17061099999,17064099999,17060099999,LTFJ"
20,"Istanbul,Turkey",2024-07-21,34.0,25.4,29.1,36.9,25.4,30.8,20.8,63.3,0.0,0,0.0,,0,0,38.5,26.4,49.1,1007.6,7.7,10.7,221.4,19.1,9.0,,2024-07-21T05:49:59,2024-07-21T20:30:38,0.5,Clear,Clear conditions throughout the day.,clear-day,"D8508,LTBA,17063099999,17119099999,17061099999,17064099999,17060099999,LTFJ"
21,"Istanbul,Turkey",2024-07-22,35.6,24.5,29.6,36.6,24.5,30.6,18.4,52.4,0.0,0,0.0,,0,0,39.2,25.5,43.7,1008.0,2.7,11.0,225.5,19.5,8.0,,2024-07-22T05:50:52,2024-07-22T20:29:49,0.53,Clear,Clear conditions throughout the day.,clear-day,"D8508,LTBA,17063099999,17119099999,17061099999,17022399999,17064099999,17060099999,LTFJ"
22,"Istanbul,Turkey",2024-07-23,33.3,26.0,28.9,35.9,26.0,31.3,21.7,66.1,0.0,0,0.0,,0,0,44.3,26.5,43.5,1009.4,37.2,11.0,209.9,18.2,8.0,,2024-07-23T05:51:46,2024-07-23T20:28:58,0.57,Partially cloudy,Partly cloudy throughout the day.,partly-cloudy-day,"D8508,LTBA,17063099999,17119099999,17061099999,17022399999,17064099999,17060099999,LTFJ"
23,"Istanbul,Turkey",2024-07-24,32.4,25.6,28.5,34.2,25.6,29.9,20.6,63.5,0.0,0,0.0,,0,0,43.6,30.9,40.6,1007.6,35.6,10.9,176.5,15.4,9.0,,2024-07-24T05:52:40,2024-07-24T20:28:05,0.6,Partially cloudy,Partly cloudy throughout the day.,partly-cloudy-day,"D8508,LTBA,17063099999,17119099999,17061099999,17064099999,17060099999,LTFJ"
24,"Istanbul,Turkey",2024-07-25,31.4,25.0,27.5,32.2,25.0,28.3,19.5,62.6,0.0,0,0.0,,0,0,47.9,28.9,29.2,1004.8,48.4,11.0,208.6,18.0,10.0,,2024-07-25T05:53:34,2024-07-25T20:27:11,0.64,Partially cloudy,Partly cloudy throughout the day.,partly-cloudy-day,"D8508,LTBA,17063099999,17119099999,17061099999,17022399999,17064099999,17060099999,LTFJ"
25,"Istanbul,Turkey",2024-07-26,28.0,21.7,25.0,29.2,21.7,25.1,19.2,70.9,3.697,100,8.33,rain,0,0,53.6,25.9,355.6,1007.4,69.7,10.9,96.5,8.3,5.0,,2024-07-26T05:54:30,2024-07-26T20:26:15,0.68,"Rain, Partially cloudy",Partly cloudy throughout the day with rain.,rain,"D8508,LTBA,17063099999,17119099999,17061099999,17064099999,17060099999,LTFJ"
26,"Istanbul,Turkey",2024-07-27,29.7,21.3,25.2,30.2,21.3,25.6,18.9,69.1,8.605,100,4.17,rain,0,0,50.0,22.1,1.1,1014.8,41.2,11.0,0.5,0.0,0.0,,2024-07-27T05:55:25,2024-07-27T20:25:17,0.71,"Rain, Partially cloudy",Partly cloudy throughout the day with morning rain.,rain,"D8508,LTBA,17063099999,17119099999,17061099999,17064099999,17060099999,LTFJ"
27,"Istanbul,Turkey",2024-07-28,32.0,22.7,27.1,33.6,22.7,28.1,20.0,66.6,0.0,0,0.0,,0,0,45.0,32.2,48.7,1017.3,21.4,11.0,206.8,18.0,9.0,,2024-07-28T05:56:21,2024-07-28T20:24:18,0.75,Partially cloudy,Partly cloudy throughout the day.,partly-cloudy-day,"D8508,LTBA,17063099999,17119099999,17061099999,17064099999,17060099999,LTFJ"
28,"Istanbul,Turkey",2024-07-29,33.4,24.3,28.5,33.3,24.3,29.0,18.6,57.5,0.0,0,0.0,,0,0,53.6,31.5,49.3,1011.8,0.0,10.9,250.4,20.8,8.0,,2024-07-29T05:57:18,2024-07-29T20:23:17,0.78,Clear,Clear conditions throughout the day.,clear-day,"D8508,LTBA,17063099999,17119099999,17061099999,17022399999,17064099999,17060099999,LTFJ"
29,"Istanbul,Turkey",2024-07-30,30.5,24.6,26.9,31.4,24.6,27.7,19.4,64.2,0.005,100,4.17,rain,0,0,53.6,32.7,48.6,1010.8,28.6,11.1,147.3,12.2,9.0,,2024-07-30T05:58:15,2024-07-30T20:22:14,0.82,"Rain, Partially cloudy",Partly cloudy throughout the day with afternoon rain.,rain,"D8508,LTBA,17063099999,17119099999,17061099999,17064099999,17060099999,LTFJ"
30,"Istanbul,Turkey",2024-07-31,30.1,21.5,25.7,29.5,21.5,25.8,15.9,55.4,0.0,0,0.0,,0,0,40.7,31.3,47.0,1013.8,23.3,11.0,98.7,4.9,6.0,,2024-07-31T05:59:12,2024-07-31T20:21:10,0.85,Partially cloudy,Partly cloudy throughout the day.,partly-cloudy-day,"D8508,LTBA,17063099999,17119099999,17061099999,17022399999,17064099999,17060099999,LTFJ"
31,"Istanbul,Turkey",2024-08-01,30.0,21.2,25.4,29.9,21.2,25.6,17.0,60.6,0.0,0,0.0,,0,0,41.4,25.0,46.8,1012.4,16.0,11.0,160.4,9.8,9.0,,2024-08-01T06:00:10,2024-08-01T20:20:04,0.89,Clear,Clear conditions throughout the day.,clear-day,"D8508,LTBA,17063099999,17119099999,17061099999,17022399999,17064099999,17060099999,LTFJ"
32,"Istanbul,Turkey",2024-08-02,30.5,21.3,25.9,30.8,21.3,26.2,17.6,61.5,0.0,0,0.0,,0,0,37.1,22.5,48.2,1009.0,9.9,11.0,208.3,12.0,8.0,,2024-08-02T06:01:08,2024-08-02T20:18:57,0.93,Clear,Clear conditions throughout the day.,clear-day,"D8508,LTBA,17063099999,17119099999,17061099999,17064099999,17060099999,LTFJ"
33,"Istanbul,Turkey",2024-08-03,30.1,21.6,25.9,32.0,21.6,26.8,19.7,69.2,0.0,0,0.0,,0,0,26.2,22.8,5.5,1006.0,7.2,11.0,250.1,18.0,9.0,,2024-08-03T06:02:06,2024-08-03T20:17:49,0.96,Clear,Clear conditions throughout the day.,clear-day,"D8508,LTBA,17063099999,17119099999,17061099999,17064099999,17060099999,LTFJ"
34,"Istanbul,Turkey",2024-08-04,33.0,23.4,27.9,32.7,23.4,28.0,16.6,52.8,0.0,0,0.0,,0,0,40.3,20.0,36.5,1007.2,17.3,11.0,249.3,16.1,8.0,,2024-08-04T06:03:05,2024-08-04T20:16:38,0.0,Clear,Clear conditions throughout the day.,clear-day,"D8508,LTBA,17063099999,17119099999,17061099999,17064099999,17060099999,LTFJ"
35,"Istanbul,Turkey",2024-08-05,31.4,24.5,26.9,32.4,24.5,27.6,18.9,62.4,0.0,0,0.0,,0,0,37.1,26.0,50.0,1009.3,39.4,11.0,190.4,13.6,8.0,,2024-08-05T06:04:03,2024-08-05T20:15:27,0.03,Partially cloudy,Partly cloudy throughout the day.,partly-cloudy-day,"D8508,LTBA,17063099999,17119099999,17061099999,17022399999,17064099999,17060099999,LTFJ"
36,"Istanbul,Turkey",2024-08-06,29.8,22.1,26.4,31.4,22.1,27.1,18.3,62.2,0.0,0,0.0,,0,0,29.5,16.7,36.9,1008.8,11.1,11.0,236.2,14.4,8.0,,2024-08-06T06:05:02,2024-08-06T20:14:14,0.06,Clear,Clear conditions throughout the day.,clear-day,"D8508,LTBA,17063099999,17119099999,17061099999,17022399999,17064099999,17060099999,LTFJ"
37,"Istanbul,Turkey",2024-08-07,28.8,23.2,26.0,29.1,23.2,26.2,17.5,60.3,0.0,0,0.0,,0,0,41.8,21.6,27.9,1011.5,38.0,11.1,143.7,8.4,10.0,,2024-08-07T06:06:01,2024-08-07T20:13:00,0.09,Partially cloudy,Partly cloudy throughout the day.,partly-cloudy-day,"D8508,LTBA,17063099999,17119099999,17061099999,17022399999,17064099999,17060099999,LTFJ"
38,"Istanbul,Turkey",2024-08-08,29.8,21.6,25.4,30.5,21.6,25.8,18.2,65.0,0.0,0,0.0,,0,0,42.1,26.6,46.9,1012.0,36.7,11.0,139.7,7.6,8.0,,2024-08-08T06:07:01,2024-08-08T20:11:44,0.13,Partially cloudy,Partly cloudy throughout the day.,partly-cloudy-day,"D8508,LTBA,17063099999,17119099999,17061099999,17022399999,17064099999,17060099999,LTFJ"
39,"Istanbul,Turkey",2024-08-09,31.3,23.5,26.8,32.6,23.5,27.8,20.2,68.1,0.0,0,0.0,,0,0,40.7,24.2,38.0,1011.6,42.7,11.0,,,,,2024-08-09T06:08:00,2024-08-09T20:10:28,0.16,Partially cloudy,Partly cloudy throughout the day.,partly-cloudy-day,"LTBA,17063099999,17119099999,17061099999,17022399999,17064099999,17060099999,LTFJ"
40,"Istanbul,Turkey",2024-08-10,31.3,24.4,27.4,32.4,24.4,28.3,20.1,65.5,0.0,0,0.0,,0,0,42.5,25.1,33.6,1014.1,32.2,11.0,,,,,2024-08-10T06:09:00,2024-08-10T20:09:09,0.19,Partially cloudy,Partly cloudy throughout the day.,partly-cloudy-day,"LTBA,17063099999,17119099999,17061099999,17064099999,17060099999,LTFJ"
41,"Istanbul,Turkey",2024-08-11,32.0,24.0,27.6,33.0,24.0,28.7,20.5,66.5,0.0,0,0.0,,0,0,50.0,29.4,41.3,1015.7,21.6,11.0,,,,,2024-08-11T06:09:59,2024-08-11T20:07:50,0.23,Partially cloudy,Partly cloudy throughout the day.,partly-cloudy-day,"LTBA,17063099999,17119099999,17061099999,17064099999,17060099999,LTFJ"
42,"Istanbul,Turkey",2024-08-12,31.9,23.7,27.5,33.1,23.7,28.2,20.2,66.4,0.0,0,0.0,,0,0,42.8,35.7,49.8,1013.7,24.2,10.0,,,,,2024-08-12T06:10:59,2024-08-12T20:06:30,0.25,Partially cloudy,Partly cloudy throughout the day.,partly-cloudy-day,"LTBA,LTFJ"
43,"Istanbul,Turkey",2024-08-13,34.3,23.7,28.4,34.8,23.7,29.1,19.2,60.0,0.0,0,0.0,,0,0,40.3,27.4,45.8,1011.3,2.7,10.9,,,,,2024-08-13T06:11:59,2024-08-13T20:05:08,0.29,Clear,Clear conditions throughout the day.,clear-day,"LTBA,17063099999,17119099999,17061099999,17022399999,17064099999,17060099999,LTFJ"
44,"Istanbul,Turkey",2024-08-14,34.7,25.0,29.0,35.2,25.0,29.7,18.6,55.3,0.0,0,0.0,,0,0,59.4,34.9,55.5,1011.7,0.0,10.9,,,,,2024-08-14T06:12:59,2024-08-14T20:03:45,0.32,Clear,Clear conditions throughout the day.,clear-day,"17068099999,LTBA,17063099999,17119099999,17061099999,17022399999,17064099999,17060099999,LTFJ"
45,"Istanbul,Turkey",2024-08-15,31.5,24.2,27.0,31.3,24.2,27.3,18.4,61.0,0.0,0,0.0,,0,0,41.8,28.5,52.2,1014.4,5.2,10.9,,,,,2024-08-15T06:13:59,2024-08-15T20:02:21,0.36,Clear,Clear conditions throughout the day.,clear-day,"17068099999,LTBA,17063099999,17119099999,17061099999,17022399999,17064099999,17060099999,LTFJ"
46,"Istanbul,Turkey",2024-08-16,29.6,21.6,25.6,29.6,21.6,25.8,17.3,60.9,0.0,0,0.0,,0,0,43.9,30.7,54.4,1015.1,12.9,10.9,145.0,7.9,7.0,,2024-08-16T06:14:59,2024-08-16T20:00:57,0.39,Clear,Clear conditions throughout the day.,clear-day,"17068099999,D8508,LTBA,17063099999,17119099999,17061099999,17022399999,17064099999,17060099999,LTFJ"
47,"Istanbul,Turkey",2024-08-17,29.8,21.6,25.6,29.2,21.6,25.6,16.1,56.9,0.0,0,0.0,,0,0,53.6,32.8,52.9,1012.5,18.4,10.9,88.3,4.8,5.0,,2024-08-17T06:15:59,2024-08-17T19:59:31,0.42,Clear,Clear conditions throughout the day.,clear-day,"17068099999,D8508,LTBA,17063099999,17119099999,17061099999,17064099999,17060099999,LTFJ"
48,"Istanbul,Turkey",2024-08-18,30.0,21.3,25.4,30.1,21.3,25.6,17.1,61.3,0.0,0,0.0,,0,0,42.8,29.9,46.6,1009.4,14.8,10.9,164.6,10.8,8.0,,2024-08-18T06:16:59,2024-08-18T19:58:04,0.45,Clear,Clear conditions throughout the day.,clear-day,"17068099999,D8508,LTBA,17063099999,17119099999,17061099999,17064099999,17060099999,LTFJ"
49,"Istanbul,Turkey",2024-08-19,28.9,21.3,25.3,30.9,21.3,25.9,19.6,71.3,0.0,0,0.0,,0,0,31.3,15.9,12.6,1009.5,15.8,10.7,183.7,11.9,8.0,,2024-08-19T06:17:58,2024-08-19T19:56:36,0.5,Clear,Clear conditions throughout the day.,clear-day,"17068099999,D8508,LTBA,17063099999,17119099999,17061099999,17022399999,17064099999,17060099999,LTFJ"
50,"Istanbul,Turkey",2024-08-20,30.9,21.5,25.8,32.6,21.5,26.6,19.9,70.7,0.0,0,0.0,,0,0,36.7,22.6,42.1,1010.2,10.5,11.0,229.6,15.8,8.0,,2024-08-20T06:18:58,2024-08-20T19:55:07,0.52,Clear,Clear conditions throughout the day.,clear-day,"17068099999,D8508,LTBA,17063099999,17119099999,17061099999,17064099999,17060099999,LTFJ"
51,"Istanbul,Turkey",2024-08-21,29.0,23.3,25.9,30.9,23.3,26.6,20.0,70.5,0.501,100,4.17,rain,0,0,34.9,22.6,39.0,1006.8,48.5,10.8,161.5,13.8,8.0,,2024-08-21T06:19:58,2024-08-21T19:53:37,0.56,"Rain, Partially cloudy",Partly cloudy throughout the day with afternoon rain.,rain,"D8508,LTBA,17063099999,17119099999,17061099999,17022399999,17064099999,17060099999,LTFJ"
52,"Istanbul,Turkey",2024-08-22,31.7,23.1,26.5,33.0,23.1,27.5,20.7,71.7,0.021,100,4.17,rain,0,0,35.6,22.5,18.9,1007.6,20.9,10.9,198.6,13.7,8.0,,2024-08-22T06:20:58,2024-08-22T19:52:07,0.59,"Rain, Partially cloudy",Partly cloudy throughout the day with morning rain.,rain,"D8508,LTBA,17063099999,17119099999,17061099999,17022399999,17064099999,17060099999,LTFJ"
53,"Istanbul,Turkey",2024-08-23,33.0,23.6,27.5,33.3,23.6,28.3,20.3,67.4,0.0,0,0.0,,0,0,40.0,24.8,41.7,1012.5,20.9,11.0,149.4,10.2,8.0,,2024-08-23T06:21:58,2024-08-23T19:50:35,0.63,Partially cloudy,Partly cloudy throughout the day.,partly-cloudy-day,"D8508,LTBA,17063099999,17119099999,17061099999,17022399999,17064099999,17060099999,LTFJ"
54,"Istanbul,Turkey",2024-08-24,31.4,24.0,27.2,32.1,24.0,27.6,19.3,64.4,0.0,0,0.0,,0,0,48.2,24.2,52.0,1014.8,35.2,10.9,181.2,12.4,9.0,,2024-08-24T06:22:58,2024-08-24T19:49:03,0.66,Partially cloudy,Partly cloudy throughout the day.,partly-cloudy-day,"D8508,LTBA,17063099999,17119099999,17061099999,17064099999,17060099999,LTFJ"
55,"Istanbul,Turkey",2024-08-25,31.0,22.5,26.3,31.7,22.5,26.8,18.6,63.5,0.0,0,0.0,,0,0,46.4,29.3,47.1,1011.3,24.7,11.0,98.5,5.6,7.0,,2024-08-25T06:23:58,2024-08-25T19:47:30,0.7,Partially cloudy,Partly cloudy throughout the day.,partly-cloudy-day,"D8508,LTBA,17063099999,17119099999,17061099999,17064099999,17060099999,LTFJ"
56,"Istanbul,Turkey",2024-08-26,32.1,23.5,27.1,32.3,23.5,27.6,19.9,67.1,0.0,0,0.0,,0,0,43.6,27.9,42.5,1010.0,27.6,11.0,182.3,11.9,7.0,,2024-08-26T06:24:57,2024-08-26T19:45:56,0.75,Partially cloudy,Partly cloudy throughout the day.,partly-cloudy-day,"D8508,LTBA,17063099999,17119099999,17061099999,17022399999,17064099999,17060099999,LTFJ"
57,"Istanbul,Turkey",2024-08-27,31.0,24.1,26.4,30.6,24.1,26.6,18.8,64.5,0.152,100,8.33,rain,0,0,46.9,24.9,47.6,1011.6,33.9,11.0,0.2,0.0,0.0,,2024-08-27T06:25:57,2024-08-27T19:44:22,0.77,"Rain, Partially cloudy",Partly cloudy throughout the day with rain in the morning and afternoon.,rain,"D8508,LTBA,17063099999,17119099999,17061099999,17022399999,17064099999,17060099999,LTFJ"
58,"Istanbul,Turkey",2024-08-28,28.4,21.4,24.7,28.9,21.4,24.8,18.7,69.9,4.195,100,4.17,rain,0,0,28.4,17.9,26.8,1013.7,46.5,10.7,148.3,9.7,8.0,,2024-08-28T06:26:57,2024-08-28T19:42:47,0.8,"Rain, Partially cloudy",Partly cloudy throughout the day with afternoon rain.,rain,"17068099999,D8508,LTBA,17063099999,17119099999,17061099999,17022399999,17064099999,17060099999,LTFJ"
59,"Istanbul,Turkey",2024-08-29,27.9,21.6,24.8,29.5,21.6,25.2,18.6,68.8,0.342,100,4.17,rain,0,0,28.8,17.9,259.4,1011.9,32.0,11.0,122.6,7.0,6.0,,2024-08-29T06:27:56,2024-08-29T19:41:11,0.84,"Rain, Partially cloudy",Partly cloudy throughout the day with morning rain.,rain,"D8508,LTBA,17063099999,17119099999,17061099999,17022399999,17064099999,17060099999,LTFJ"
60,"Istanbul,Turkey",2024-08-30,26.1,22.3,23.9,26.1,22.3,23.9,19.1,74.5,5.379,100,8.33,rain,0,0,31.7,18.2,288.2,1010.7,51.3,10.7,99.5,6.4,6.0,,2024-08-30T06:28:56,2024-08-30T19:39:35,0.87,"Rain, Partially cloudy",Partly cloudy throughout the day with rain.,rain,"D8508,LTBA,17063099999,17119099999,17061099999,17064099999,17060099999,LTFJ"
61,"Istanbul,Turkey",2024-08-31,27.2,21.4,24.5,28.4,21.4,24.6,19.3,73.3,0.119,100,4.17,rain,0,0,27.7,16.3,258.7,1010.3,52.3,11.1,164.7,10.6,9.0,,2024-08-31T06:29:56,2024-08-31T19:37:58,0.91,"Rain, Partially cloudy",Partly cloudy throughout the day with morning rain.,rain,"D8508,LTBA,17063099999,17119099999,17061099999,17064099999,17060099999,LTFJ"
62,"Istanbul,Turkey",2024-09-01,27.1,22.3,24.6,28.4,22.3,24.6,20.2,76.7,1.125,100,8.33,rain,0,0,29.5,17.6,20.3,1009.4,60.9,10.8,0.2,0.0,0.0,,2024-09-01T06:30:55,2024-09-01T19:36:20,0.94,"Rain, Partially cloudy",Partly cloudy throughout the day with rain.,rain,"D8508,LTBA,17063099999,17119099999,17061099999,17064099999,17060099999,LTFJ"
63,"Istanbul,Turkey",2024-09-02,27.0,21.9,24.2,28.5,21.9,24.3,19.7,76.3,3.139,100,8.33,rain,0,0,24.1,14.2,14.2,1011.5,71.3,10.9,108.9,9.0,4.0,,2024-09-02T06:31:55,2024-09-02T19:34:42,0.98,"Rain, Partially cloudy",Partly cloudy throughout the day with rain in the morning and afternoon.,rain,"D8508,LTBA,17063099999,17119099999,17061099999,17064099999,17060099999,LTFJ"
64,"Istanbul,Turkey",2024-09-03,28.3,21.5,25.0,30.5,21.5,25.6,19.6,73.1,0.0,0,0.0,,0,0,25.2,15.1,334.6,1014.3,20.4,10.2,224.6,16.2,8.0,,2024-09-03T06:32:54,2024-09-03T19:33:04,0.0,Partially cloudy,Partly cloudy throughout the day.,partly-cloudy-day,"D8508,LTBA,17063099999,17119099999,17061099999,17022399999,17064099999,17060099999,LTFJ"
65,"Istanbul,Turkey",2024-09-04,29.9,22.0,25.5,31.1,22.0,26.0,20.3,74.0,0.0,0,0.0,,0,0,40.0,23.2,33.7,1013.7,31.4,10.0,139.8,12.1,7.0,,2024-09-04T06:33:54,2024-09-04T19:31:25,0.04,Partially cloudy,Partly cloudy throughout the day.,partly-cloudy-day,"D8508,LTBA,17063099999,17119099999,17061099999,17022399999,17064099999,17060099999,LTFJ"
66,"Istanbul,Turkey",2024-09-05,29.8,21.8,25.1,29.7,21.8,25.2,17.1,62.4,0.0,0,0.0,,0,0,29.5,18.1,44.9,1013.1,2.9,10.5,205.1,13.9,7.0,,2024-09-05T06:34:53,2024-09-05T19:29:45,0.08,Clear,Clear conditions throughout the day.,clear-day,"D8508,LTBA,17063099999,17119099999,17061099999,17022399999,17064099999,17060099999,LTFJ"
67,"Istanbul,Turkey",2024-09-06,30.5,20.5,24.5,29.4,20.5,24.6,16.7,63.6,0.0,0,0.0,,0,0,32.0,20.2,51.8,1013.9,7.8,11.0,182.2,11.9,7.0,,2024-09-06T06:35:52,2024-09-06T19:28:05,0.11,Clear,Clear conditions throughout the day.,clear-day,"D8508,LTBA,17063099999,17119099999,17061099999,17022399999,17064099999,17060099999,LTFJ"
68,"Istanbul,Turkey",2024-09-07,26.9,22.2,24.1,28.0,22.2,24.2,18.8,72.5,1.207,100,8.33,rain,0,0,33.1,17.4,5.0,1014.9,47.7,11.0,155.6,10.1,7.0,,2024-09-07T06:36:52,2024-09-07T19:26:25,0.14,"Rain, Partially cloudy",Partly cloudy throughout the day with rain.,rain,"D8508,LTBA,17063099999,17119099999,17061099999,17064099999,17060099999,LTFJ"
69,"Istanbul,Turkey",2024-09-08,26.3,21.6,23.1,26.3,21.6,23.1,18.8,77.4,8.286,100,8.33,rain,0,0,51.8,25.7,2.5,1013.9,70.3,10.4,138.9,11.0,8.0,,2024-09-08T06:37:51,2024-09-08T19:24:44,0.18,"Rain, Partially cloudy",Partly cloudy throughout the day with rain in the morning and afternoon.,rain,"D8508,LTBA,17063099999,17119099999,17061099999,17064099999,17060099999,LTFJ"
70,"Istanbul,Turkey",2024-09-09,27.8,20.4,23.7,28.3,20.4,23.8,18.0,71.8,10.616,100,8.33,rain,0,0,31.7,18.9,39.0,1011.7,42.5,11.0,164.5,13.5,8.0,,2024-09-09T06:38:51,2024-09-09T19:23:04,0.21,"Rain, Partially cloudy",Partly cloudy throughout the day with rain clearing later.,rain,"D8508,LTBA,17063099999,17119099999,17061099999,17064099999,17060099999,LTFJ"
71,"Istanbul,Turkey",2024-09-10,28.4,19.7,24.2,28.7,19.7,24.4,18.2,70.1,0.0,0,0.0,,0,0,21.8,12.4,65.4,1005.7,64.4,11.0,140.4,10.1,6.0,,2024-09-10T06:39:50,2024-09-10T19:21:22,0.24,Partially cloudy,Partly cloudy throughout the day.,partly-cloudy-day,"D8508,LTBA,17063099999,17119099999,17061099999,17022399999,17064099999,17060099999,LTFJ"
72,"Istanbul,Turkey",2024-09-11,27.9,22.3,25.3,28.9,22.3,25.6,18.7,67.5,0.029,100,4.17,rain,0,0,54.0,14.0,236.7,1005.8,60.7,11.0,,,,,2024-09-11T06:40:49,2024-09-11T19:19:41,0.25,"Rain, Partially cloudy",Partly cloudy throughout the day with early morning rain.,rain,"LTBA,17063099999,17119099999,17061099999,17064099999,17060099999,LTFJ"
73,"Istanbul,Turkey",2024-09-12,28.6,22.2,25.3,29.5,22.2,25.5,18.6,67.2,0.257,100,4.17,rain,0,0,28.8,15.5,249.2,1010.7,36.7,11.0,,,,,2024-09-12T06:41:49,2024-09-12T19:17:59,0.31,"Rain, Partially cloudy",Partly cloudy throughout the day with morning rain.,rain,"LTBA,17063099999,17119099999,17061099999,17022399999,17064099999,17060099999,LTFJ"
74,"Istanbul,Turkey",2024-09-13,30.7,22.1,25.9,30.6,22.1,26.2,18.4,64.8,0.0,0,0.0,,0,0,22.3,14.7,233.9,1008.9,11.5,10.5,60.2,3.2,5.0,,2024-09-13T06:42:48,2024-09-13T19:16:17,0.34,Clear,Clear conditions throughout the day.,clear-day,"D8508,LTBA,17063099999,17119099999,17061099999,17022399999,17064099999,17060099999,LTFJ"
75,"Istanbul,Turkey",2024-09-14,30.9,24.2,27.2,31.1,24.2,27.5,18.0,58.2,0.0,0,0.0,,0,0,37.8,14.6,216.5,1006.6,41.2,11.0,,,,,2024-09-14T06:43:48,2024-09-14T19:14:35,0.38,Partially cloudy,Partly cloudy throughout the day.,partly-cloudy-day,"LTBA,17063099999,17119099999,17061099999,17064099999,17060099999,LTFJ"
76,"Istanbul,Turkey",2024-09-15,26.4,19.1,22.6,26.4,19.1,22.6,17.9,75.2,3.906,100,12.5,rain,0,0,55.4,30.0,351.6,1006.4,61.4,9.9,0.3,0.0,0.0,,2024-09-15T06:44:47,2024-09-15T19:12:53,0.41,"Rain, Partially cloudy",Partly cloudy throughout the day with a chance of rain throughout the day.,rain,"D8508,LTBA,17063099999,17119099999,17061099999,17064099999,17060099999,LTFJ"
77,"Istanbul,Turkey",2024-09-16,25.7,18.4,21.2,25.7,18.4,21.2,15.6,71.3,6.431,100,8.33,rain,0,0,34.2,20.2,38.5,1008.9,48.2,11.0,180.4,13.1,8.0,,2024-09-16T06:45:47,2024-09-16T19:11:10,0.44,"Rain, Partially cloudy",Partly cloudy throughout the day with rain in the morning and afternoon.,rain,"D8508,LTBA,17063099999,17119099999,17061099999,17022399999,17064099999,17060099999,LTFJ"
78,"Istanbul,Turkey",2024-09-17,24.9,19.4,21.9,24.9,19.4,21.9,15.6,68.2,2.561,100,4.17,rain,0,0,37.8,25.3,37.1,1014.5,44.1,11.0,74.8,4.4,5.0,,2024-09-17T06:46:47,2024-09-17T19:09:28,0.48,"Rain, Partially cloudy",Partly cloudy throughout the day with late afternoon rain.,rain,"D8508,LTBA,17063099999,17119099999,17061099999,17022399999,17064099999,17060099999,LTFJ"
79,"Istanbul,Turkey",2024-09-18,25.9,18.3,21.9,25.9,18.3,21.9,15.4,66.9,0.0,0,0.0,,0,0,36.7,27.4,35.9,1016.3,55.6,11.0,,,,,2024-09-18T06:47:47,2024-09-18T19:07:45,0.5,Partially cloudy,Partly cloudy throughout the day.,partly-cloudy-day,"LTBA,17063099999,17119099999,17061099999,17022399999,17064099999,17060099999,LTFJ"
80,"Istanbul,Turkey",2024-09-19,24.6,19.6,21.5,24.6,19.6,21.5,14.5,64.9,0.0,0,0.0,,0,0,43.2,24.7,30.8,1015.8,46.6,11.1,30.0,1.5,3.0,,2024-09-19T06:48:46,2024-09-19T19:06:03,0.54,Partially cloudy,Partly cloudy throughout the day.,partly-cloudy-day,"D8508,LTBA,17063099999,17119099999,17061099999,17022399999,17064099999,17060099999,LTFJ"
81,"Istanbul,Turkey",2024-09-20,25.5,18.4,21.5,25.5,18.4,21.5,15.7,70.4,0.0,0,0.0,,0,0,35.3,22.3,30.4,1015.2,62.2,11.0,97.6,5.9,5.0,,2024-09-20T06:49:46,2024-09-20T19:04:20,0.58,Partially cloudy,Partly cloudy throughout the day.,partly-cloudy-day,"D8508,LTBA,17063099999,17119099999,17061099999,17022399999,17064099999,17060099999,LTFJ"
82,"Istanbul,Turkey",2024-09-21,23.2,18.8,20.7,23.2,18.8,20.7,15.1,70.8,5.775,100,16.67,rain,0,0,39.6,24.4,9.9,1016.2,74.2,10.7,42.6,2.2,3.0,,2024-09-21T06:50:47,2024-09-21T19:02:38,0.61,"Rain, Partially cloudy",Partly cloudy throughout the day with a chance of rain throughout the day.,rain,"D8508,LTBA,17063099999,17119099999,17061099999,17064099999,17060099999,LTFJ"
83,"Istanbul,Turkey",2024-09-22,24.7,18.6,21.1,24.7,18.6,21.1,13.1,60.7,0.54,100,8.33,rain,0,0,39.9,26.8,24.0,1015.8,69.6,10.9,0.0,0.0,0.0,,2024-09-22T06:51:47,2024-09-22T19:00:55,0.65,"Rain, Partially cloudy",Partly cloudy throughout the day with rain.,rain,"D8508,LTBA,17063099999,17119099999,17061099999,17064099999,17060099999,LTFJ"
84,"Istanbul,Turkey",2024-09-23,23.7,17.8,20.6,23.7,17.8,20.6,15.5,73.1,1.687,100,12.5,rain,0,0,23.8,14.4,289.9,1015.3,68.1,10.8,55.4,3.3,5.0,,2024-09-23T06:52:47,2024-09-23T18:59:13,0.68,"Rain, Partially cloudy",Partly cloudy throughout the day with a chance of rain throughout the day.,rain,"D8508,LTBA,17063099999,17119099999,17061099999,17022399999,17064099999,17060099999,LTFJ"
85,"Istanbul,Turkey",2024-09-24,25.3,16.4,20.8,25.3,16.4,20.8,15.9,74.4,0.0,0,0.0,,0,0,27.7,15.0,35.5,1016.3,31.6,10.6,179.5,13.6,7.0,,2024-09-24T06:53:48,2024-09-24T18:57:31,0.75,Partially cloudy,Partly cloudy throughout the day.,partly-cloudy-day,"D8508,LTBA,17063099999,17119099999,17061099999,17022399999,17064099999,17060099999,LTFJ"
86,"Istanbul,Turkey",2024-09-25,25.8,17.2,21.5,25.8,17.2,21.5,15.2,68.5,0.0,0,0.0,,0,0,27.4,14.2,10.4,1017.4,6.2,11.0,173.6,12.4,7.0,,2024-09-25T06:54:48,2024-09-25T18:55:49,0.75,Clear,Clear conditions throughout the day.,clear-day,"D8508,LTBA,17063099999,17119099999,17061099999,17022399999,17064099999,17060099999,LTFJ"
87,"Istanbul,Turkey",2024-09-26,26.5,16.8,21.5,26.5,16.8,21.5,15.4,69.0,0.0,0,0.0,,0,0,27.4,19.1,31.0,1016.3,20.3,10.7,201.6,16.0,7.0,,2024-09-26T06:55:49,2024-09-26T18:54:07,0.78,Partially cloudy,Clearing in the afternoon.,partly-cloudy-day,"D8508,LTBA,17063099999,17119099999,17061099999,17022399999,17064099999,17060099999,LTFJ"
88,"Istanbul,Turkey",2024-09-27,27.6,17.8,22.0,28.6,17.8,22.0,17.5,76.8,0.0,0,0.0,,0,0,31.3,21.5,32.5,1014.5,10.6,10.8,183.3,15.6,7.0,,2024-09-27T06:56:50,2024-09-27T18:52:25,0.82,Clear,Clear conditions throughout the day.,clear-day,"17068099999,D8508,LTBA,17063099999,17119099999,17061099999,17022399999,17064099999,17060099999,LTFJ"
89,"Istanbul,Turkey",2024-09-28,26.6,19.2,22.4,26.6,19.2,22.4,18.8,80.4,0.0,0,0.0,,0,0,31.0,17.5,24.7,1011.4,40.1,10.2,167.6,13.8,7.0,,2024-09-28T06:57:52,2024-09-28T18:50:43,0.85,Partially cloudy,Partly cloudy throughout the day.,partly-cloudy-day,"17068099999,D8508,LTBA,17063099999,17119099999,17061099999,17064099999,17060099999,LTFJ"
90,"Istanbul,Turkey",2024-09-29,26.3,19.2,22.4,26.3,19.2,22.4,18.9,81.4,0.0,0,0.0,,0,0,40.7,31.7,338.5,1008.1,54.2,10.0,169.7,14.0,7.0,,2024-09-29T06:58:53,2024-09-29T18:49:02,0.88,Partially cloudy,Partly cloudy throughout the day.,partly-cloudy-day,"17068099999,D8508,LTBA,17063099999,17119099999,17061099999,17064099999,17060099999,LTFJ"
91,"Istanbul,Turkey",2024-09-30,20.0,15.2,17.0,20.0,15.2,17.0,13.2,78.7,14.593,100,12.5,rain,0,0,59.4,31.5,340.2,1010.7,83.7,10.8,46.3,3.4,3.0,,2024-09-30T06:59:55,2024-09-30T18:47:21,0.92,"Rain, Partially cloudy",Partly cloudy throughout the day with a chance of rain throughout the day.,rain,"17068099999,D8508,LTBA,17063099999,17119099999,17061099999,17022399999,17064099999,17060099999,LTFJ"
92,"Istanbul,Turkey",2024-10-01,17.9,14.6,16.5,17.9,14.6,16.5,8.2,58.1,1.352,100,4.17,rain,0,0,25.2,16.1,298.9,1011.8,85.3,10.7,40.1,3.2,2.0,,2024-10-01T07:00:56,2024-10-01T18:45:41,0.95,"Rain, Partially cloudy",Partly cloudy throughout the day with morning rain.,rain,"17068099999,D8508,LTBA,17063099999,17119099999,17061099999,17064099999,17060099999,LTFJ"
93,"Istanbul,Turkey",2024-10-02,21.1,15.8,18.3,21.1,15.8,18.3,10.9,62.2,0.35,100,4.17,rain,0,0,20.2,13.4,322.3,1014.3,49.4,10.3,69.6,6.1,4.0,,2024-10-02T07:01:59,2024-10-02T18:44:00,0.0,"Rain, Partially cloudy",Partly cloudy throughout the day with morning rain.,rain,"D8508,LTBA,17063099999,17119099999,17061099999,17064099999,17060099999,LTFJ"
94,"Istanbul,Turkey",2024-10-03,23.5,14.7,19.1,23.5,14.7,19.1,13.9,72.6,0.0,0,0.0,,0,0,16.9,12.3,258.3,1014.6,9.0,11.0,172.1,14.9,6.0,,2024-10-03T07:03:01,2024-10-03T18:42:21,0.02,Clear,Clear conditions throughout the day.,clear-day,"D8508,LTBA,17063099999,17119099999,17061099999,17022399999,17064099999,17060099999,LTFJ"
95,"Istanbul,Turkey",2024-10-04,27.1,17.5,21.9,27.0,17.5,21.9,13.8,62.4,0.0,0,0.0,,0,0,19.4,10.5,179.3,1014.3,0.0,10.8,79.5,4.9,5.0,,2024-10-04T07:04:03,2024-10-04T18:40:41,0.05,Clear,Clear conditions throughout the day.,clear-day,"D8508,LTBA,17063099999,17119099999,17061099999,17022399999,17064099999,17060099999,LTFJ"
96,"Istanbul,Turkey",2024-10-05,30.0,18.1,23.8,29.7,18.1,23.7,14.0,56.0,0.0,0,0.0,,0,0,15.4,8.7,259.8,1011.8,12.3,11.0,,,,,2024-10-05T07:05:06,2024-10-05T18:39:02,0.09,Clear,Clear conditions throughout the day.,clear-day,"LTBA,17063099999,17119099999,17061099999,17064099999,17060099999,LTFJ"
97,"Istanbul,Turkey",2024-10-06,26.8,20.3,23.1,27.4,20.3,23.1,16.9,69.4,0.0,0,0.0,,0,0,28.1,8.8,212.9,1009.7,66.3,10.4,54.8,3.6,3.0,,2024-10-06T07:06:09,2024-10-06T18:37:24,0.12,Partially cloudy,Partly cloudy throughout the day.,partly-cloudy-day,"D8508,LTBA,17063099999,17119099999,17061099999,17064099999,17060099999,LTFJ"
98,"Istanbul,Turkey",2024-10-07,23.3,17.8,20.2,23.3,17.8,20.2,16.3,78.8,3.305,100,12.5,rain,0,0,27.0,16.9,47.4,1014.2,57.7,11.0,69.3,6.0,4.0,,2024-10-07T07:07:13,2024-10-07T18:35:46,0.16,"Rain, Partially cloudy",Partly cloudy throughout the day with a chance of rain throughout the day.,rain,"D8508,LTBA,17063099999,17119099999,17061099999,17022399999,17064099999,17060099999,LTFJ"
99,"Istanbul,Turkey",2024-10-08,25.3,16.0,20.0,25.3,16.0,20.0,13.0,65.9,0.0,0,0.0,,0,0,29.6,19.2,51.3,1019.1,5.5,10.9,195.2,15.6,7.0,,2024-10-08T07:08:16,2024-10-08T18:34:08,0.19,Clear,Clear conditions throughout the day.,clear-day,"D8508,LTBA,17063099999,17119099999,17061099999,17022399999,17064099999,17060099999,LTFJ"
100,"Istanbul,Turkey",2024-10-09,24.4,15.6,20.3,24.4,15.6,20.3,14.5,69.8,0.0,0,0.0,,0,0,24.5,15.8,264.6,1013.4,36.6,10.8,146.2,10.6,6.0,,2024-10-09T07:09:20,2024-10-09T18:32:31,0.22,Partially cloudy,Partly cloudy throughout the day.,partly-cloudy-day,"17068099999,D8508,LTBA,17063099999,17119099999,17061099999,17022399999,17064099999,17060099999,LTFJ"
101,"Istanbul,Turkey",2024-10-10,25.2,20.1,22.3,25.2,20.1,22.3,16.2,69.3,0.0,0,0.0,,0,0,27.0,16.7,228.6,1010.1,60.2,10.9,62.3,3.8,5.0,,2024-10-10T07:10:25,2024-10-10T18:30:55,0.25,Partially cloudy,Partly cloudy throughout the day.,partly-cloudy-day,"17068099999,D8508,LTBA,17063099999,17119099999,17061099999,17022399999,17064099999,17060099999,LTFJ"
102,"Istanbul,Turkey",2024-10-11,26.8,19.8,23.1,27.0,19.8,23.1,16.9,69.0,0.0,0,0.0,,0,0,27.0,18.6,225.8,1009.5,38.0,10.7,,,,,2024-10-11T07:11:29,2024-10-11T18:29:20,0.29,Partially cloudy,Partly cloudy throughout the day.,partly-cloudy-day,"17068099999,LTBA,17063099999,17119099999,17061099999,17022399999,17064099999,17060099999,LTFJ"
103,"Istanbul,Turkey",2024-10-12,23.4,17.4,20.3,23.4,17.4,20.3,16.2,77.6,1.508,100,4.17,rain,0,0,39.6,25.1,9.4,1012.2,71.3,10.7,27.8,2.4,1.0,,2024-10-12T07:12:34,2024-10-12T18:27:45,0.33,"Rain, Partially cloudy",Partly cloudy throughout the day with late afternoon rain.,rain,"17068099999,D8508,LTBA,17063099999,17119099999,17061099999,17064099999,17060099999,LTFJ"
104,"Istanbul,Turkey",2024-10-13,19.1,15.2,17.3,19.1,15.2,17.3,13.6,79.0,8.254,100,8.33,rain,0,0,33.5,19.6,30.3,1017.7,78.1,10.9,34.7,2.7,2.0,,2024-10-13T07:13:39,2024-10-13T18:26:11,0.36,"Rain, Partially cloudy",Partly cloudy throughout the day with rain clearing later.,rain,"D8508,LTBA,17063099999,17119099999,17061099999,17064099999,17060099999,LTFJ"
105,"Istanbul,Turkey",2024-10-14,21.1,13.5,16.9,21.1,13.5,16.9,12.4,75.5,0.0,0,0.0,,0,0,22.0,11.9,34.5,1017.6,43.2,11.0,87.3,7.0,5.0,,2024-10-14T07:14:45,2024-10-14T18:24:37,0.39,Partially cloudy,Partly cloudy throughout the day.,partly-cloudy-day,"D8508,LTBA,17063099999,17119099999,17061099999,17022399999,17064099999,17060099999,LTFJ"
106,"Istanbul,Turkey",2024-10-15,23.1,13.8,17.6,23.1,13.8,17.6,12.7,74.2,0.0,0,0.0,,0,0,30.6,23.2,44.8,1018.8,12.5,11.0,156.0,13.5,7.0,,2024-10-15T07:15:51,2024-10-15T18:23:04,0.43,Clear,Clear conditions throughout the day.,clear-day,"17068099999,D8508,LTBA,17063099999,17119099999,17061099999,17064099999,17060099999,LTFJ"
107,"Istanbul,Turkey",2024-10-16,20.9,14.2,16.8,20.9,14.2,16.8,13.1,79.6,0.14,100,4.17,rain,0,0,61.2,28.4,8.8,1021.8,47.9,9.6,90.8,7.7,9.0,,2024-10-16T07:16:57,2024-10-16T18:21:33,0.46,"Rain, Partially cloudy",Partly cloudy throughout the day with late afternoon rain.,rain,"D8508,LTBA,17063099999,17119099999,17061099999,17022399999,17064099999,17060099999,LTFJ"
108,"Istanbul,Turkey",2024-10-17,16.7,12.6,14.4,16.7,12.6,14.4,8.1,66.5,1.279,100,8.33,rain,0,0,45.4,28.5,5.1,1025.7,81.3,10.9,87.8,7.3,8.0,,2024-10-17T07:18:03,2024-10-17T18:20:02,0.5,"Rain, Partially cloudy",Partly cloudy throughout the day with rain in the morning and afternoon.,rain,"D8508,LTBA,17063099999,17119099999,17061099999,17064099999,17060099999,LTFJ"
109,"Istanbul,Turkey",2024-10-18,15.7,11.7,13.3,15.7,11.7,13.3,7.0,66.4,0.694,100,16.67,rain,0,0,36.0,25.8,1.6,1025.5,65.4,11.0,42.3,3.6,2.0,,2024-10-18T07:19:10,2024-10-18T18:18:32,0.53,"Rain, Partially cloudy",Partly cloudy throughout the day with a chance of rain throughout the day.,rain,"D8508,LTBA,17063099999,17119099999,17061099999,17064099999,17060099999,LTFJ"
110,"Istanbul,Turkey",2024-10-19,16.1,10.9,13.1,16.1,10.9,13.1,6.9,67.0,2.879,100,12.5,rain,0,0,32.8,19.5,35.1,1025.5,59.1,11.0,108.3,9.4,6.0,,2024-10-19T07:20:18,2024-10-19T18:17:02,0.56,"Rain, Partially cloudy",Partly cloudy throughout the day with a chance of rain throughout the day.,rain,"D8508,LTBA,17063099999,17119099999,17061099999,17064099999,17060099999,LTFJ"
111,"Istanbul,Turkey",2024-10-20,17.2,9.3,13.1,17.2,8.7,13.0,7.4,69.1,0.291,100,4.17,rain,0,0,33.1,27.9,38.9,1028.7,42.8,11.0,70.9,6.2,5.0,,2024-10-20T07:21:25,2024-10-20T18:15:34,0.6,"Rain, Partially cloudy",Partly cloudy throughout the day with morning rain.,rain,"D8508,LTBA,17063099999,17119099999,17061099999,17064099999,17060099999,LTFJ"
112,"Istanbul,Turkey",2024-10-21,17.2,10.7,13.7,17.2,10.7,13.7,7.4,66.7,0.0,0,0.0,,0,0,29.5,18.7,33.2,1032.1,34.7,11.0,133.8,10.1,8.0,,2024-10-21T07:22:33,2024-10-21T18:14:07,0.63,Partially cloudy,Partly cloudy throughout the day.,partly-cloudy-day,"D8508,LTBA,17063099999,17119099999,17061099999,17022399999,17064099999,17060099999,LTFJ"
113,"Istanbul,Turkey",2024-10-22,17.7,10.4,14.1,17.7,10.4,14.1,9.0,72.3,0.0,0,0.0,,0,0,30.6,18.4,37.7,1031.2,35.5,11.1,82.1,7.1,5.0,,2024-10-22T07:23:41,2024-10-22T18:12:41,0.66,Partially cloudy,Becoming cloudy in the afternoon.,partly-cloudy-day,"17068099999,D8508,LTBA,17063099999,17119099999,17061099999,17022399999,17064099999,17060099999,LTFJ"
114,"Istanbul,Turkey",2024-10-23,20.1,10.6,14.7,20.1,10.6,14.7,9.8,74.0,0.0,0,0.0,,0,0,30.2,21.9,42.0,1029.2,20.8,11.0,149.1,13.0,6.0,,2024-10-23T07:24:50,2024-10-23T18:11:16,0.7,Partially cloudy,Partly cloudy throughout the day.,partly-cloudy-day,"D8508,LTBA,17063099999,17119099999,17061099999,17022399999,17064099999,17060099999,LTFJ"
115,"Istanbul,Turkey",2024-10-24,19.3,12.1,15.1,19.3,12.1,15.1,10.1,73.1,0.0,0,0.0,,0,0,33.8,20.6,43.4,1029.5,40.9,11.0,106.9,9.3,6.0,,2024-10-24T07:25:58,2024-10-24T18:09:52,0.75,Partially cloudy,Partly cloudy throughout the day.,partly-cloudy-day,"D8508,LTBA,17063099999,17119099999,17061099999,17064099999,17060099999,LTFJ"
116,"Istanbul,Turkey",2024-10-25,18.7,12.4,15.1,18.7,12.4,15.1,10.4,74.2,0.0,0,0.0,,0,0,38.5,25.7,52.9,1027.3,55.3,11.0,67.4,5.9,5.0,,2024-10-25T07:27:07,2024-10-25T18:08:29,0.76,Partially cloudy,Partly cloudy throughout the day.,partly-cloudy-day,"D8508,LTBA,17063099999,17119099999,17061099999,17022399999,17064099999,17060099999,LTFJ"
117,"Istanbul,Turkey",2024-10-26,19.1,11.1,14.5,19.1,11.1,14.5,8.8,69.2,0.0,0,0.0,,0,0,34.6,23.5,47.4,1026.8,24.3,10.9,164.4,13.6,6.0,,2024-10-26T07:28:17,2024-10-26T18:07:07,0.8,Partially cloudy,Partly cloudy throughout the day.,partly-cloudy-day,"D8508,LTBA,17063099999,17119099999,17061099999,17064099999,17060099999,LTFJ"
118,"Istanbul,Turkey",2024-10-27,20.9,11.5,15.2,20.9,11.5,15.2,10.4,73.5,0.0,0,0.0,,0,0,31.6,23.1,43.4,1025.4,10.4,10.9,149.3,12.9,6.0,,2024-10-27T07:29:27,2024-10-27T18:05:47,0.83,Clear,Clear conditions throughout the day.,clear-day,"17068099999,D8508,LTBA,17063099999,17119099999,17061099999,17064099999,17060099999,LTFJ"
119,"Istanbul,Turkey",2024-10-28,17.7,10.0,13.9,17.7,8.9,13.8,10.7,81.9,0.0,0,0.0,,0,0,21.2,11.1,3.0,1023.6,24.1,10.0,150.9,13.2,6.0,,2024-10-28T07:30:37,2024-10-28T18:04:28,0.86,Partially cloudy,Partly cloudy throughout the day.,partly-cloudy-day,"17068099999,D8508,LTBA,17063099999,17119099999,17061099999,17022399999,17064099999,17060099999,LTFJ"
120,"Istanbul,Turkey",2024-10-29,20.0,11.7,15.5,20.0,11.7,15.5,11.7,79.0,0.0,0,0.0,,0,0,31.7,18.3,36.9,1023.0,32.4,10.8,135.1,11.6,5.0,,2024-10-29T07:31:47,2024-10-29T18:03:10,0.9,Partially cloudy,Partly cloudy throughout the day.,partly-cloudy-day,"17068099999,D8508,LTBA,17063099999,17119099999,17061099999,17064099999,17060099999,LTFJ"
121,"Istanbul,Turkey",2024-10-30,18.5,14.8,16.1,18.5,14.8,16.1,10.0,68.4,0.0,0,0.0,,0,0,33.8,20.9,32.6,1022.4,61.8,10.9,30.7,2.5,2.0,,2024-10-30T07:32:57,2024-10-30T18:01:53,0.93,Partially cloudy,Partly cloudy throughout the day.,partly-cloudy-day,"D8508,LTBA,17063099999,17119099999,17061099999,17022399999,17064099999,17060099999,LTFJ"
122,"Istanbul,Turkey",2024-10-31,18.4,12.0,14.9,18.4,12.0,14.9,9.1,68.7,0.0,0,0.0,,0,0,31.0,21.0,42.1,1022.8,44.1,11.0,88.8,6.2,7.0,,2024-10-31T07:34:08,2024-10-31T18:00:38,0.96,Partially cloudy,Partly cloudy throughout the day.,partly-cloudy-day,"D8508,LTBA,17063099999,17119099999,17061099999,17022399999,17064099999,17060099999,LTFJ"
123,"Istanbul,Turkey",2024-11-01,19.6,11.6,15.0,19.6,11.6,15.0,10.5,75.4,0.0,0,0.0,,0,0,28.8,19.6,51.9,1022.7,41.3,10.7,128.4,11.0,6.0,,2024-11-01T07:35:19,2024-11-01T17:59:24,0.0,Partially cloudy,Partly cloudy throughout the day.,partly-cloudy-day,"D8508,LTBA,17063099999,17119099999,17061099999,17022399999,17064099999,17060099999,LTFJ"
124,"Istanbul,Turkey",2024-11-02,17.9,10.8,14.2,17.9,10.8,14.2,11.5,84.1,0.0,0,0.0,,0,0,14.8,10.7,338.3,1018.9,14.9,9.9,127.3,11.0,5.0,,2024-11-02T07:36:30,2024-11-02T17:58:12,0.03,Clear,Clear conditions throughout the day.,clear-day,"D8508,LTBA,17063099999,17119099999,17061099999,17064099999,17060099999,LTFJ"
125,"Istanbul,Turkey",2024-11-03,15.2,10.5,13.4,15.2,10.5,13.4,7.8,70.2,0.334,100,8.33,rain,0,0,54.1,32.7,47.5,1025.4,53.9,9.8,58.0,4.5,3.0,,2024-11-03T07:37:42,2024-11-03T17:57:01,0.06,"Rain, Partially cloudy",Partly cloudy throughout the day with rain in the morning and afternoon.,rain,"D8508,LTBA,17063099999,17119099999,17061099999,17064099999,17060099999,LTFJ"
126,"Istanbul,Turkey",2024-11-04,14.3,8.7,11.3,14.3,7.7,11.1,4.6,63.7,0.0,0,0.0,,0,0,18.4,9.5,9.5,1024.5,50.5,11.0,41.4,2.9,2.0,,2024-11-04T07:38:53,2024-11-04T17:55:52,0.1,Partially cloudy,Partly cloudy throughout the day.,partly-cloudy-day,"D8508,LTBA,17063099999,17119099999,17061099999,17022399999,17064099999,17060099999,LTFJ"
127,"Istanbul,Turkey",2024-11-05,15.0,8.4,11.7,15.0,8.0,11.6,4.8,63.3,0.141,100,4.17,rain,0,0,39.2,26.4,40.1,1028.6,48.3,11.0,69.7,5.5,7.0,,2024-11-05T07:40:05,2024-11-05T17:54:44,0.13,"Rain, Partially cloudy",Partly cloudy throughout the day with morning rain.,rain,"D8508,LTBA,17063099999,17119099999,17061099999,17022399999,17064099999,17060099999,LTFJ"
128,"Istanbul,Turkey",2024-11-06,14.7,9.2,11.7,14.7,7.4,11.4,4.2,60.1,0.0,0,0.0,,0,0,34.5,28.1,59.7,1030.4,61.8,11.0,34.7,2.1,3.0,,2024-11-06T07:41:17,2024-11-06T17:53:37,0.17,Partially cloudy,Partly cloudy throughout the day.,partly-cloudy-day,"D8508,LTBA,17063099999,17119099999,17061099999,17022399999,17064099999,17060099999,LTFJ"
129,"Istanbul,Turkey",2024-11-07,15.8,10.2,13.0,15.8,10.2,13.0,7.3,68.8,0.0,0,0.0,,0,0,38.0,27.4,54.8,1032.3,57.9,11.5,18.1,1.0,3.0,,2024-11-07T07:42:29,2024-11-07T17:52:33,0.2,Partially cloudy,Partly cloudy throughout the day.,partly-cloudy-day,"D8508,LTBA,17063099999,17119099999,17061099999,17022399999,17064099999,17060099999,LTFJ"
130,"Istanbul,Turkey",2024-11-08,16.6,10.9,13.9,16.6,10.9,13.9,9.5,75.1,0.0,0,0.0,,0,0,37.1,29.7,48.7,1029.4,32.0,12.3,112.4,8.9,7.0,,2024-11-08T07:43:41,2024-11-08T17:51:30,0.24,Partially cloudy,Partly cloudy throughout the day.,partly-cloudy-day,"D8508,LTBA,17063099999,17119099999,17061099999,17064099999,17060099999,LTFJ"
131,"Istanbul,Turkey",2024-11-09,16.2,11.4,13.1,16.2,11.4,13.1,9.0,76.4,0.0,0,0.0,,0,0,47.9,25.9,27.8,1025.8,46.6,14.7,115.7,10.0,6.0,,2024-11-09T07:44:53,2024-11-09T17:50:28,0.25,Partially cloudy,Partly cloudy throughout the day.,partly-cloudy-day,"D8508,LTBA,17063099999,17119099999,17061099999,17064099999,17060099999"
132,"Istanbul,Turkey",2024-11-10,12.0,10.3,11.4,12.0,10.3,11.4,9.1,86.0,2.273,100,8.33,rain,0,0,42.1,21.4,8.2,1022.3,72.5,15.2,7.2,0.6,0.0,,2024-11-10T07:46:05,2024-11-10T17:49:29,0.31,"Rain, Partially cloudy",Partly cloudy throughout the day with rain in the morning and afternoon.,rain,"D8508,LTBA,17063099999,17119099999,17061099999,17064099999,17060099999"
133,"Istanbul,Turkey",2024-11-11,16.1,11.7,13.4,16.1,11.7,13.4,10.8,84.8,0.086,100,4.17,rain,0,0,24.5,20.3,18.0,1022.3,83.8,20.0,63.0,5.3,3.0,,2024-11-11T07:47:17,2024-11-11T17:48:31,0.34,"Rain, Partially cloudy",Partly cloudy throughout the day with morning rain.,rain,"D8508,LTBA,17063099999,17119099999,17061099999,17064099999,17060099999,LTFJ"
134,"Istanbul,Turkey",2024-11-12,15.9,13.5,14.3,15.9,13.5,14.3,11.0,80.9,0.0,0,0.0,,0,0,33.8,24.9,55.2,1023.6,80.7,19.2,34.4,2.8,2.0,,2024-11-12T07:48:29,2024-11-12T17:47:35,0.38,Partially cloudy,Partly cloudy throughout the day.,partly-cloudy-day,"D8508,LTBA,17063099999,17119099999,17061099999,17064099999,17060099999"
135,"Istanbul,Turkey",2024-11-13,15.6,11.9,13.5,15.6,11.9,13.5,11.1,85.3,0.626,100,4.17,rain,0,0,30.2,16.1,36.2,1024.1,85.1,15.8,20.7,1.5,1.0,,2024-11-13T07:49:41,2024-11-13T17:46:41,0.41,"Rain, Partially cloudy",Partly cloudy throughout the day with late afternoon rain.,rain,"D8508,LTBA,17063099999,17119099999,17061099999,17064099999,17060099999"
136,"Istanbul,Turkey",2024-11-14,15.6,12.0,13.5,15.6,12.0,13.5,10.8,84.0,0.079,100,8.33,rain,0,0,26.3,16.3,41.8,1021.3,86.3,17.7,33.3,2.8,2.0,,2024-11-14T07:50:53,2024-11-14T17:45:48,0.45,"Rain, Partially cloudy",Partly cloudy throughout the day with rain clearing later.,rain,"D8508,LTBA,17063099999,17119099999,17061099999,17064099999,17060099999"
137,"Istanbul,Turkey",2024-11-15,13.1,9.8,12.1,13.1,7.0,11.9,10.8,92.0,4.073,100,12.5,rain,0,0,51.8,22.1,9.5,1017.0,89.4,9.2,,,,,2024-11-15T07:52:04,2024-11-15T17:44:58,0.48,"Rain, Partially cloudy",Partly cloudy throughout the day with a chance of rain throughout the day.,rain,"LTBA,17063099999,17119099999,17061099999,17064099999,17060099999"
138,"Istanbul,Turkey",2024-11-16,11.6,9.2,10.5,11.6,6.2,9.3,6.9,78.6,3.107,100,8.33,rain,0,0,53.6,29.6,35.0,1021.3,88.9,15.7,,,,,2024-11-16T07:53:15,2024-11-16T17:44:10,0.5,"Rain, Partially cloudy",Partly cloudy throughout the day with rain clearing later.,rain,"LTBA,17063099999,17119099999,17061099999,17064099999,17060099999,LTFJ"
139,"Istanbul,Turkey",2024-11-17,12.7,10.9,11.7,12.7,10.9,11.7,8.1,78.7,0.139,100,12.5,rain,0,0,36.1,28.2,46.1,1015.2,87.4,13.3,,,,,2024-11-17T07:54:26,2024-11-17T17:43:23,0.55,"Rain, Partially cloudy",Partly cloudy throughout the day with rain.,rain,"LTBA,17063099999,17119099999,17061099999,17064099999,17060099999"
140,"Istanbul,Turkey",2024-11-18,13.2,11.0,12.0,13.2,11.0,12.0,9.1,83.1,0.0,0,0.0,,0,0,16.2,14.4,298.0,1012.8,81.2,10.0,,,,,2024-11-18T07:55:37,2024-11-18T17:42:38,0.58,Partially cloudy,Partly cloudy throughout the day.,partly-cloudy-day,"LTBA,17063099999,17119099999,17061099999,17064099999,17060099999,LTFJ"
141,"Istanbul,Turkey",2024-11-19,15.2,7.4,11.3,15.2,6.3,11.1,6.7,74.1,0.0,0,0.0,,0,0,10.4,11.2,290.4,1016.8,29.9,9.6,,,,,2024-11-19T07:56:48,2024-11-19T17:41:56,0.61,Partially cloudy,Partly cloudy throughout the day.,partly-cloudy-day,"LTBA,LTFJ"
142,"Istanbul,Turkey",2024-11-20,17.2,8.2,13.6,17.2,8.2,13.6,8.6,72.7,0.0,0,0.0,,0,0,47.9,27.0,206.1,1011.1,46.6,8.9,,,,,2024-11-20T07:57:58,2024-11-20T17:41:15,0.65,Partially cloudy,Becoming cloudy in the afternoon.,partly-cloudy-day,"LTBA,LTFJ"
143,"Istanbul,Turkey",2024-11-21,19.0,8.7,14.3,19.0,4.6,13.4,9.2,72.2,10.9,100,41.67,rain,0,0,72.7,42.1,195.3,1005.2,70.9,9.1,,,,,2024-11-21T07:59:07,2024-11-21T17:40:37,0.68,"Rain, Partially cloudy",Partly cloudy throughout the day with rain.,rain,"LTBA,LTFJ"
